{"python.command.python.sortImports.title":"가져오기 정렬","python.command.python.startREPL.title":"REPL 시작","python.command.python.createEnvironment.title":"환경 만들기","python.command.python.createNewFile.title":"새 Python 파일","python.command.python.createTerminal.title":"터미널 만들기","python.command.python.execInTerminal.title":"터미널에서 Python 파일 실행","python.command.python.debugInTerminal.title":"Python 파일 디버그","python.command.python.execInTerminalIcon.title":"Python 파일 실행","python.command.python.setInterpreter.title":"인터프리터 선택","python.command.python.clearWorkspaceInterpreter.title":"작업 영역 인터프리터 설정 지우기","python.command.python.viewOutput.title":"출력 표시","python.command.python.viewLanguageServerOutput.title":"언어 서버 출력 표시","python.command.python.configureTests.title":"테스트 구성","python.command.testing.rerunFailedTests.title":"실패한 테스트 다시 실행","python.command.python.execSelectionInTerminal.title":"Python 터미널에서 선택/줄 실행","python.command.python.execSelectionInDjangoShell.title":"Django Shell에서 선택/줄 실행","python.command.python.reportIssue.title":"문제 보고...","python.command.python.setLinter.title":"Linter 선택","python.command.python.enableLinting.title":"Linting 사용/사용 안 함","python.command.python.runLinting.title":"Linting 실행","python.command.python.enableSourceMapSupport.title":"확장 디버깅에 소스 맵 지원 사용","python.command.python.clearCacheAndReload.title":"캐시 지우기 및 창 다시 로드","python.command.python.analysis.restartLanguageServer.title":"언어 서버 다시 시작","python.command.python.launchTensorBoard.title":"Tensorboard 시작","python.command.python.refreshTensorBoard.title":"TensorBoard 새로 고침","python.menu.createNewFile.title":"Python 파일","python.autoComplete.extraPaths.description":"자동 완성 엔진에서 가져와야 하는 라이브러리 등의 경로 목록입니다. 예를 들어 Google App SDK를 사용할 때 경로가 시스템 경로에 없으므로 이 목록에 추가해야 합니다.","python.condaPath.description":"활성화에 사용할 conda 실행 파일의 경로입니다(버전 4.4 이상).","python.defaultInterpreterPath.description":"확장이 처음 로드될 때 사용할 기본 Python의 경로이며 작업 영역에 대해 인터프리터가 선택되면 더 이상 사용되지 않습니다. 이것이 언제 사용되는지 이해하려면 https://aka.ms/AAfekmf를 참조하세요.","python.diagnostics.sourceMapsEnabled.description":"오류 로그에서 의미 있는 스택 추적에 대한 소스 맵 지원을 활성화합니다.","python.envFile.description":"환경 변수 정의를 포함하는 파일의 절대 경로입니다.","python.experiments.enabled.description":"Python 확장에서 A/B 테스트 실험을 활성화합니다. 활성화하면 제안된 개선 사항 및/또는 기능에 포함될 수 있습니다.","python.experiments.optInto.description":"선택할 실험 ​​목록입니다. 비어 있으면 사용자에게 기본 실험 그룹이 할당됩니다. 자세한 내용은 https://github.com/microsoft/vscode-python/wiki/AB-Experiments를 참조하세요.","python.experiments.optOutFrom.description":"선택 해제할 실험 목록입니다. 비어 있으면 사용자에게 기본 실험 그룹이 할당됩니다. 자세한 내용은 https://github.com/microsoft/vscode-python/wiki/AB-Experiments를 참조하세요.","python.formatting.autopep8Args.description":"전달된 인수입니다. 각 인수는 배열의 개별 항목입니다.","python.formatting.autopep8Path.description":"autopep8에 대한 경로, 전체 경로를 포함하도록 이 설정을 수정하여 autopep8의 사용자 지정 버전을 사용할 수 있습니다.","python.formatting.blackArgs.description":"전달된 인수입니다. 각 인수는 배열의 개별 항목입니다.","python.formatting.blackPath.description":"Path to Black, 전체 경로를 포함하도록 이 설정을 수정하여 Black의 사용자 지정 버전을 사용할 수 있습니다.","python.formatting.provider.description":"서식을 위한 공급자입니다. 가능한 옵션에는 'autopep8', 'black' 및 'yapf'가 있습니다.","python.formatting.yapfArgs.description":"전달된 인수입니다. 각 인수는 배열의 개별 항목입니다.","python.formatting.yapfPath.description":"yapf에 대한 경로, 전체 경로를 포함하도록 이 설정을 수정하여 사용자 지정 버전의 yapf를 사용할 수 있습니다.","python.globalModuleInstallation.description":"환경을 사용하지 않을 때 전역적으로 Python 모듈을 설치할지 여부입니다.","python.languageServer.description":"언어 서버의 유형을 정의합니다.","python.languageServer.defaultDescription":"자동으로 언어 서버 선택: Pylance가 설치되어 있고 사용 가능한 경우, 그렇지 않으면 Jedi로 대체합니다.","python.languageServer.jediDescription":"언어 서버로 LSP(Language Server Protocol) 뒤에서 Jedi를 사용합니다.","python.languageServer.pylanceDescription":"Pylance를 언어 서버로 사용하세요.","python.languageServer.noneDescription":"언어 서버 기능을 비활성화합니다.","python.linting.banditArgs.description":"전달된 인수입니다. 각 인수는 배열의 개별 항목입니다.","python.linting.banditEnabled.description":"bandit을 사용하여 Python 파일을 lint할지 여부입니다.","python.linting.banditPath.description":"산적에 대한 경로입니다. 전체 경로를 포함하도록 이 설정을 수정하여 사용자 지정 버전의 산적을 사용할 수 있습니다.","python.linting.cwd.description":"Linter를 위한 선택적 작업 디렉터리입니다.","python.linting.enabled.description":"Python 파일을 lint할지 여부입니다.","python.linting.flake8Args.description":"전달된 인수입니다. 각 인수는 배열의 개별 항목입니다.","python.linting.flake8CategorySeverity.E.description":"Flake8 메시지 유형 'E'의 심각도입니다.","python.linting.flake8CategorySeverity.F.description":"Flake8 메시지 유형 'F'의 심각도입니다.","python.linting.flake8CategorySeverity.W.description":"Flake8 메시지 유형 'W'의 심각도입니다.","python.linting.flake8Enabled.description":"flake8을 사용하여 Python 파일을 lint할지 여부입니다.","python.linting.flake8Path.description":"flake8에 대한 경로, 전체 경로를 포함하도록 이 설정을 수정하여 flake8의 사용자 지정 버전을 사용할 수 있습니다.","python.linting.ignorePatterns.description":"lint에서 파일 또는 폴더를 제외하는 데 사용되는 패턴입니다.","python.interpreter.infoVisibility.description":"상태 표시줄에 선택한 인터프리터의 정보를 표시하는 경우를 제어합니다.","python.interpreter.infoVisibility.never.description":"정보를 표시하지 않습니다.","python.interpreter.infoVisibility.onPythonRelated.description":"Python 관련 파일이 열려 있는 경우에만 정보를 표시합니다.","python.interpreter.infoVisibility.always.description":"항상 정보를 표시합니다.","python.linting.lintOnSave.description":"저장할 때 Python 파일을 lint할지 여부입니다.","python.linting.maxNumberOfProblems.description":"서버에서 발생하는 최대 문제 수를 제어합니다.","python.linting.mypyArgs.description":"전달된 인수입니다. 각 인수는 배열의 개별 항목입니다.","python.linting.mypyCategorySeverity.error.description":"Mypy 메시지 유형 '오류'의 심각도입니다.","python.linting.mypyCategorySeverity.note.description":"Mypy 메시지 유형 '참고'의 심각도입니다.","python.linting.mypyEnabled.description":"mypy를 사용하여 Python 파일을 lint할지 여부입니다.","python.linting.mypyPath.description":"mypy에 대한 경로, 전체 경로를 포함하도록 이 설정을 수정하여 mypy의 사용자 지정 버전을 사용할 수 있습니다.","python.linting.prospectorArgs.description":"전달된 인수입니다. 각 인수는 배열의 개별 항목입니다.","python.linting.prospectorEnabled.description":"잠재 고객을 사용하여 Python 파일을 lint할지 여부입니다.","python.linting.prospectorPath.description":"Path to Prospector, 전체 경로를 포함하도록 이 설정을 수정하여 사용자 지정 버전의 Prospector를 사용할 수 있습니다.","python.linting.pycodestyleArgs.description":"전달된 인수입니다. 각 인수는 배열의 개별 항목입니다.","python.linting.pycodestyleCategorySeverity.E.description":"pycodestyle 메시지 유형 'E'의 심각도입니다.","python.linting.pycodestyleCategorySeverity.W.description":"pycodestyle 메시지 유형 'W'의 심각도입니다.","python.linting.pycodestyleEnabled.description":"pycodestyle을 사용하여 Python 파일을 lint할지 여부입니다.","python.linting.pycodestylePath.description":"pycodestyle에 대한 경로, 전체 경로를 포함하도록 이 설정을 수정하여 pycodestyle의 사용자 지정 버전을 사용할 수 있습니다.","python.linting.pydocstyleArgs.description":"전달된 인수입니다. 각 인수는 배열의 개별 항목입니다.","python.linting.pydocstyleEnabled.description":"pydocstyle을 사용하여 Python 파일을 lint할지 여부입니다.","python.linting.pydocstylePath.description":"pydocstyle에 대한 경로, 전체 경로를 포함하도록 이 설정을 수정하여 pydocstyle의 사용자 지정 버전을 사용할 수 있습니다.","python.linting.pylamaArgs.description":"전달된 인수입니다. 각 인수는 배열의 개별 항목입니다.","python.linting.pylamaEnabled.description":"pylama를 사용하여 Python 파일을 lint할지 여부입니다.","python.linting.pylamaPath.description":"pylama에 대한 경로, 전체 경로를 포함하도록 이 설정을 수정하여 사용자 지정 버전의 pylama를 사용할 수 있습니다.","python.linting.pylintArgs.description":"전달된 인수입니다. 각 인수는 배열의 개별 항목입니다.","python.linting.pylintCategorySeverity.convention.description":"Pylint 메시지 유형 'Convention/C'의 심각도입니다.","python.linting.pylintCategorySeverity.error.description":"Pylint 메시지 유형 '오류/E'의 심각도입니다.","python.linting.pylintCategorySeverity.fatal.description":"Pylint 메시지 유형 '오류/F'의 심각도입니다.","python.linting.pylintCategorySeverity.refactor.description":"Pylint 메시지 유형 'Refactor/R'의 심각도입니다.","python.linting.pylintCategorySeverity.warning.description":"Pylint 메시지 유형 '경고/W'의 심각도입니다.","python.linting.pylintEnabled.description":"pylint를 사용하여 Python 파일을 lint할지 여부입니다.","python.linting.pylintPath.description":"Pylint에 대한 경로입니다. 전체 경로를 포함하도록 이 설정을 수정하여 사용자 지정 버전의 Pylint를 사용할 수 있습니다.","python.logging.level.description":"확장 프로그램이 기록하는 로깅 수준, 기본값은 '오류'입니다.","python.pipenvPath.description":"활성화에 사용할 pipenv 실행 파일의 경로입니다.","python.poetryPath.description":"시 실행 파일의 경로입니다.","python.sortImports.args.description":"전달된 인수입니다. 각 인수는 배열의 개별 항목입니다.","python.sortImports.path.description":"isort 스크립트 경로, 기본적으로 내부 버전 사용","python.tensorBoard.logDirectory.description":"TensorBoard를 시작할 때 로그 디렉터리 프롬프트를 건너뛰려면 이 설정을 선호하는 TensorBoard 로그 디렉터리로 설정하세요.","python.terminal.activateEnvInCurrentTerminal.description":"확장을 로드할 때 현재 터미널에서 Python 환경을 활성화합니다.","python.terminal.activateEnvironment.description":"Extension을 사용하여 만든 터미널에서 Python 환경을 활성화합니다.","python.terminal.executeInFileDir.description":"터미널에서 파일을 실행할 때 현재 열려 있는 폴더 대신 파일의 디렉터리에서 실행을 사용할지 여부입니다.","python.terminal.focusAfterLaunch.description":"Python 터미널을 시작할 때 터미널에 커서를 집중할지 여부를 지정합니다.","python.terminal.launchArgs.description":"터미널에서 파일을 실행할 때 사용할 Python 시작 인수입니다.","python.testing.autoTestDiscoverOnSaveEnabled.description":"테스트 파일을 저장할 때 자동 실행 테스트 검색을 활성화합니다.","python.testing.cwd.description":"테스트를 위한 선택적 작업 디렉터리입니다.","python.testing.debugPort.description":"테스트 디버깅에 사용되는 포트 번호입니다.","python.testing.promptToConfigure.description":"잠재적인 테스트 디렉터리가 발견되면 테스트 프레임워크를 구성하라는 메시지를 표시합니다.","python.testing.pytestArgs.description":"전달된 인수입니다. 각 인수는 배열의 개별 항목입니다.","python.testing.pytestEnabled.description":"pytest를 사용하여 테스트를 활성화합니다.","python.testing.pytestPath.description":"Path to pytest(pytest), 전체 경로를 포함하도록 이 설정을 수정하여 사용자 지정 버전의 pytest를 사용할 수 있습니다.","python.testing.unittestArgs.description":"전달된 인수입니다. 각 인수는 배열의 개별 항목입니다.","python.testing.unittestEnabled.description":"unittest를 사용하여 테스트를 활성화합니다.","python.venvFolders.description":"가상 환경을 조사할 홈 디렉터리의 폴더(기본적으로 pyenv, direnv 및 virtualenvwrapper 지원).","python.venvPath.description":"가상 환경 목록이 있는 폴더 경로(예: ~/.pyenv, ~/Envs, ~/.virtualenvs).","python.sortImports.args.deprecationMessage":"이 설정은 곧 제거됩니다. 대신 'isort.args'를 사용하세요.","python.sortImports.path.deprecationMessage":"이 설정은 곧 제거됩니다. 대신 'isort.path'를 사용하세요."}
