{"python.command.python.sortImports.title":"Classificar Importações","python.command.python.startREPL.title":"Iniciar REPL","python.command.python.createEnvironment.title":"Criar um Ambiente","python.command.python.createNewFile.title":"Novo Arquivo do Python","python.command.python.createTerminal.title":"Criar Terminal","python.command.python.execInTerminal.title":"Executar o Arquivo do Python no Terminal","python.command.python.debugInTerminal.title":"Depurar Arquivo do Python","python.command.python.execInTerminalIcon.title":"Executar Arquivo do Python","python.command.python.setInterpreter.title":"Selecionar Interpretador","python.command.python.clearWorkspaceInterpreter.title":"Limpar a Configuração do Interpretador do Espaço de Trabalho","python.command.python.viewOutput.title":"Mostrar Saída","python.command.python.viewLanguageServerOutput.title":"Mostrar a Saída do Servidor de Linguagem","python.command.python.configureTests.title":"Configurar Testes","python.command.testing.rerunFailedTests.title":"Executar Novamente os Testes com Falha","python.command.python.execSelectionInTerminal.title":"Executar a Seleção/Linha no Terminal do Python","python.command.python.execSelectionInDjangoShell.title":"Executar a Seleção/Linha no Shell do Django","python.command.python.reportIssue.title":"Relatar um Problema...","python.command.python.setLinter.title":"Selecionar Linter","python.command.python.enableLinting.title":"Habilitar/Desabilitar Linting","python.command.python.runLinting.title":"Executar o Linting","python.command.python.enableSourceMapSupport.title":"Habilitar o Suporte ao SourceMap para Depuração da Extensão","python.command.python.clearCacheAndReload.title":"Limpar Cache e Recarregar Janela","python.command.python.analysis.restartLanguageServer.title":"Reiniciar o Servidor de Linguagem","python.command.python.launchTensorBoard.title":"Iniciar Tensorboard","python.command.python.refreshTensorBoard.title":"Atualizar o TensorBoard","python.menu.createNewFile.title":"Arquivo Python","python.autoComplete.extraPaths.description":"Lista de caminhos para bibliotecas e semelhantes que precisam ser importados pelo mecanismo de preenchimento automático. Por exemplo, ao usar o SDK do Google App, os caminhos não estão no caminho do sistema, portanto, precisam ser adicionados a esta lista.","python.condaPath.description":"Caminho para o executável do Conda a ser usado para ativação (versão 4.4+).","python.defaultInterpreterPath.description":"O caminho para o Python padrão a ser usado quando a extensão for carregada pela primeira vez, não será mais usado depois que um intérprete for selecionado para o espaço de trabalho. Consulte https://aka.ms/AAfekmf para entender quando isso é usado","python.diagnostics.sourceMapsEnabled.description":"Habilite suporte para source map para rastreamentos de pilha significativos em logs de erros.","python.envFile.description":"Caminho absoluto para um arquivo que contém as definições de variável de ambiente.","python.experiments.enabled.description":"Habilita experimentos de testes A/B na extensão do Python. Se habilitado, você poderá ser incluído em aprimoramentos e/ou recursos propostos.","python.experiments.optInto.description":"Lista de experimentos a serem aceitos. Se estiver vazio, o usuário será atribuído aos grupos de experimentos padrão. Consulte https://github.com/microsoft/vscode-python/wiki/AB-Experiments para obter mais detalhes.","python.experiments.optOutFrom.description":"Lista de experimentos para recusar. Se estiver vazio, o usuário será atribuído aos grupos de experimentos padrão. Consulte https://github.com/microsoft/vscode-python/wiki/AB-Experiments para obter mais detalhes.","python.formatting.autopep8Args.description":"Argumentos passados. Cada argumento é um item separado na matriz.","python.formatting.autopep8Path.description":"Caminho para o autopep8. Você pode usar uma versão personalizada do autopep8, modificando esta configuração para incluir o caminho completo.","python.formatting.blackArgs.description":"Argumentos passados. Cada argumento é um item separado na matriz.","python.formatting.blackPath.description":"Caminho para o Black. Você pode usar uma versão personalizada do Black, modificando esta configuração para incluir o caminho completo.","python.formatting.provider.description":"Provedor para formatação. As opções possíveis incluem 'autopep8', 'black' e 'yapf'.","python.formatting.yapfArgs.description":"Argumentos passados. Cada argumento é um item separado na matriz.","python.formatting.yapfPath.description":"Caminho para o yapf. Você pode usar uma versão personalizada do yapf, modificando esta configuração para incluir o caminho completo.","python.globalModuleInstallation.description":"Se os módulos do Python devem ser instalados globalmente quando não estiverem usando um ambiente.","python.languageServer.description":"Define o tipo do servidor de linguagem.","python.languageServer.defaultDescription":"Selecione automaticamente um servidor de linguagem: Pylance, se instalado e disponível, caso contrário, faça fallback para Jedi.","python.languageServer.jediDescription":"Use o Jedi por trás do protocolo LSP (Language Server Protocol) como um servidor de linguagem.","python.languageServer.pylanceDescription":"Use Pylance como um servidor de linguagem.","python.languageServer.noneDescription":"Desabilitar recursos do servidor de linguagem.","python.linting.banditArgs.description":"Argumentos passados. Cada argumento é um item separado na matriz.","python.linting.banditEnabled.description":"Se for para executar o lint em arquivos Python usando bandit.","python.linting.banditPath.description":"Caminho para o bandit. Você pode usar uma versão personalizada do bandit, modificando esta configuração para incluir o caminho completo.","python.linting.cwd.description":"Diretório de trabalho opcional para linters.","python.linting.enabled.description":"Se for para executar o lint em arquivos Python.","python.linting.flake8Args.description":"Argumentos passados. Cada argumento é um item separado na matriz.","python.linting.flake8CategorySeverity.E.description":"Gravidade do tipo de mensagem 'E' do Flake8.","python.linting.flake8CategorySeverity.F.description":"Gravidade do tipo de mensagem 'F' do Flake8.","python.linting.flake8CategorySeverity.W.description":"Gravidade do tipo de mensagem 'W' do Flake8.","python.linting.flake8Enabled.description":"Se for para executar o lint em arquivos Python usando flake8.","python.linting.flake8Path.description":"Caminho para o flake8. Você pode usar uma versão personalizada do flake8, modificando esta configuração para incluir o caminho completo.","python.linting.ignorePatterns.description":"Padrões usados para excluir arquivos ou pastas de terem o lint executado.","python.interpreter.infoVisibility.description":"Controla quando exibir informações do interpretador selecionado na barra de status.","python.interpreter.infoVisibility.never.description":"Nunca exibir informações.","python.interpreter.infoVisibility.onPythonRelated.description":"Exibir informações somente se arquivos relacionados ao Python forem abertos.","python.interpreter.infoVisibility.always.description":"Sempre exibir informações.","python.linting.lintOnSave.description":"Se for para executar o lint em arquivos Python ao salvar.","python.linting.maxNumberOfProblems.description":"Controla o número máximo de problemas produzidos pelo servidor.","python.linting.mypyArgs.description":"Argumentos passados. Cada argumento é um item separado na matriz.","python.linting.mypyCategorySeverity.error.description":"Gravidade do tipo de mensagem 'Error' do Mypy.","python.linting.mypyCategorySeverity.note.description":"Gravidade do tipo de mensagem 'Note' do Mypy.","python.linting.mypyEnabled.description":"Se for para executar o lint em arquivos Python usando mypy.","python.linting.mypyPath.description":"Caminho para o mypy. Você pode usar uma versão personalizada do mypy, modificando esta configuração para incluir o caminho completo.","python.linting.prospectorArgs.description":"Argumentos passados. Cada argumento é um item separado na matriz.","python.linting.prospectorEnabled.description":"Se for para executar o lint em arquivos Python usando prospector.","python.linting.prospectorPath.description":"Caminho para o Prospector. Você pode usar uma versão personalizada do prospector, modificando esta configuração para incluir o caminho completo.","python.linting.pycodestyleArgs.description":"Argumentos passados. Cada argumento é um item separado na matriz.","python.linting.pycodestyleCategorySeverity.E.description":"Gravidade do tipo de mensagem 'E' do pycodestyle.","python.linting.pycodestyleCategorySeverity.W.description":"Gravidade do tipo de mensagem 'W' do pycodestyle.","python.linting.pycodestyleEnabled.description":"Se for para executar o lint em arquivos Python usando pycodestyle.","python.linting.pycodestylePath.description":"Caminho para o pycodestyle. Você pode usar uma versão personalizada do pycodestyle, modificando esta configuração para incluir o caminho completo.","python.linting.pydocstyleArgs.description":"Argumentos passados. Cada argumento é um item separado na matriz.","python.linting.pydocstyleEnabled.description":"Se for para executar o lint em arquivos Python usando pydocstyle.","python.linting.pydocstylePath.description":"Caminho para o pydocstyle. Você pode usar uma versão personalizada do pydocstyle, modificando esta configuração para incluir o caminho completo.","python.linting.pylamaArgs.description":"Argumentos passados. Cada argumento é um item separado na matriz.","python.linting.pylamaEnabled.description":"Se for para executar o lint em arquivos Python usando pylama.","python.linting.pylamaPath.description":"Caminho para o pylama. Você pode usar uma versão personalizada do pylama, modificando esta configuração para incluir o caminho completo.","python.linting.pylintArgs.description":"Argumentos passados. Cada argumento é um item separado na matriz.","python.linting.pylintCategorySeverity.convention.description":"Gravidade do tipo de mensagem 'Convention/C' do Pylint.","python.linting.pylintCategorySeverity.error.description":"Gravidade do tipo de mensagem 'Error/E' do Pylint.","python.linting.pylintCategorySeverity.fatal.description":"Gravidade do tipo de mensagem 'Error/F' do Pylint.","python.linting.pylintCategorySeverity.refactor.description":"Gravidade do tipo de mensagem 'Refactor/R' do Pylint.","python.linting.pylintCategorySeverity.warning.description":"Gravidade do tipo de mensagem 'Warning/W' do Pylint.","python.linting.pylintEnabled.description":"Se for para executar o lint em arquivos Python usando pylint.","python.linting.pylintPath.description":"Caminho para o Pylint. Você pode usar uma versão personalizada do pylint, modificando esta configuração para incluir o caminho completo.","python.logging.level.description":"O nível de log no qual a extensão faz logon, o padrão é 'error'","python.pipenvPath.description":"Caminho para o executável pipenv a ser usado para ativação.","python.poetryPath.description":"Caminho para o executável poetry.","python.sortImports.args.description":"Argumentos passados. Cada argumento é um item separado na matriz.","python.sortImports.path.description":"Caminho para o script isort, padrão usando a versão interna","python.tensorBoard.logDirectory.description":"Defina esta configuração para o diretório de log do TensorBoard preferencial para ignorar o prompt de diretório de log ao iniciar o TensorBoard.","python.terminal.activateEnvInCurrentTerminal.description":"Ativar o Ambiente Python no Terminal atual ao carregar a Extensão.","python.terminal.activateEnvironment.description":"Ativar o Ambiente do Python no Terminal criado usando a Extensão.","python.terminal.executeInFileDir.description":"Ao executar um arquivo no terminal, se deve ser executado no diretório do arquivo, em vez da pasta aberta atual.","python.terminal.focusAfterLaunch.description":"Ao iniciar um terminal python, se deve focar o cursor no terminal.","python.terminal.launchArgs.description":"Argumentos de inicialização do Python a serem usados ao executar um arquivo no terminal.","python.testing.autoTestDiscoverOnSaveEnabled.description":"Habilite a descoberta de teste de execução automática ao salvar um arquivo de teste.","python.testing.cwd.description":"Diretório de trabalho opcional para testes.","python.testing.debugPort.description":"Número da porta usado para depuração de testes.","python.testing.promptToConfigure.description":"Solicitar a configuração de uma estrutura de teste se os diretórios de testes potenciais estiverem descobertos.","python.testing.pytestArgs.description":"Argumentos passados. Cada argumento é um item separado na matriz.","python.testing.pytestEnabled.description":"Habilitar teste usando pytest.","python.testing.pytestPath.description":"Caminho para o pytest (pytest). Você pode usar uma versão personalizada do pytest, modificando esta configuração para incluir o caminho completo.","python.testing.unittestArgs.description":"Argumentos passados. Cada argumento é um item separado na matriz.","python.testing.unittestEnabled.description":"Habilitar o teste usando unittest.","python.venvFolders.description":"Pastas em seu diretório base para procurar ambientes virtuais (dá suporte a pyenv, direnv e virtualenvwrapper por padrão).","python.venvPath.description":"Caminho para a pasta com uma lista de Ambientes Virtuais (por exemplo, ~/.pyenv, ~/Envs, ~/.virtualenvs).","python.sortImports.args.deprecationMessage":"Essa configuração será removida em breve. Em vez disso, use 'isort.args'.","python.sortImports.path.deprecationMessage":"Essa configuração será removida em breve. Em vez disso, use 'isort.path'."}
