{"python.command.python.sortImports.title":"Sortuj elementy zaimportowane","python.command.python.startREPL.title":"Uruchom program REPL","python.command.python.createEnvironment.title":"Tworzenie środowiska","python.command.python.createNewFile.title":"Nowy plik języka Python","python.command.python.createTerminal.title":"Utwórz terminal","python.command.python.execInTerminal.title":"Uruchamianie pliku języka Python w terminalu","python.command.python.debugInTerminal.title":"Debugowanie pliku języka Python","python.command.python.execInTerminalIcon.title":"Uruchom plik języka Python","python.command.python.setInterpreter.title":"Wybierz interpretera","python.command.python.clearWorkspaceInterpreter.title":"Wyczyść ustawienie interpretera obszaru roboczego","python.command.python.viewOutput.title":"Pokaż Dane Wyjściowe","python.command.python.viewLanguageServerOutput.title":"Pokaż dane wyjściowe serwera języka","python.command.python.configureTests.title":"Konfiguruj testy","python.command.testing.rerunFailedTests.title":"Uruchom ponownie testy zakończone niepowodzeniem","python.command.python.execSelectionInTerminal.title":"Uruchamianie zaznaczenia/wiersza w terminalu języka Python","python.command.python.execSelectionInDjangoShell.title":"Uruchom zaznaczenie/wiersz w powłoce Django","python.command.python.reportIssue.title":"Zgłoś problem...","python.command.python.setLinter.title":"Wybierz Linter","python.command.python.enableLinting.title":"Włącz/wyłącz Linting","python.command.python.runLinting.title":"Uruchom Linting","python.command.python.enableSourceMapSupport.title":"Włącz obsługę mapy źródłowej na potrzeby debugowania rozszerzeń","python.command.python.clearCacheAndReload.title":"Wyczyść pamięć podręczną i załaduj ponownie okno","python.command.python.analysis.restartLanguageServer.title":"Uruchom ponownie serwer językowy","python.command.python.launchTensorBoard.title":"Uruchom TensorBoard","python.command.python.refreshTensorBoard.title":"Odśwież TensorBoard","python.menu.createNewFile.title":"Plik kodu Python","python.autoComplete.extraPaths.description":"Lista ścieżek do bibliotek, które muszą zostać zaimportowane przez aparat autouzupełnienia. Na przykład w przypadku korzystania z zestawu SDK Google App ścieżki nie znajdują się w ścieżce systemowej, dlatego należy je dodać do tej listy.","python.condaPath.description":"Ścieżka do pliku wykonywalnego Conda do użycia na potrzeby aktywacji (wersja 4.4 lub nowsza).","python.defaultInterpreterPath.description":"Ścieżka do domyślnego języka Python, który ma być używany podczas ładowania rozszerzenia po raz pierwszy; nie jest już używany po wybraniu interpretera dla obszaru roboczego. Sprawdź witrynę https://aka.ms/AAfekmf, aby dowiedzieć się, kiedy jest to używane","python.diagnostics.sourceMapsEnabled.description":"Włącz obsługę mapy źródłowej dla znaczących śladów stosu w dziennikach błędów.","python.envFile.description":"Ścieżka bezwzględna do pliku zawierającego definicje zmiennych środowiskowych.","python.experiments.enabled.description":"Włącza eksperymenty testów A/B w rozszerzeniu języka Python. Jeśli ta opcja jest włączona, możesz nastąpić dołączenie Cię do proponowanych ulepszeń i/lub funkcji.","python.experiments.optInto.description":"Lista eksperymentów, do których chcesz się dołączyć. Jeśli wartość jest pusta, do użytkownika są przypisywane domyślne grupy eksperymentów. Aby uzyskać więcej informacji, zobacz https://github.com/microsoft/vscode-python/wiki/AB-Experiments.","python.experiments.optOutFrom.description":"Lista eksperymentów, z których chcesz zrezygnować. Jeśli wartość jest pusta, do użytkownika są przypisywane domyślne grupy eksperymentów. Aby uzyskać więcej informacji, zobacz https://github.com/microsoft/vscode-python/wiki/AB-Experiments.","python.formatting.autopep8Args.description":"Przekazano argumenty. Każdy argument jest osobnym elementem w tablicy.","python.formatting.autopep8Path.description":"Ścieżka do autopep8; możesz użyć niestandardowej wersji autopep8, modyfikując to ustawienie, aby uwzględnić pełną ścieżkę.","python.formatting.blackArgs.description":"Przekazano argumenty. Każdy argument jest osobnym elementem w tablicy.","python.formatting.blackPath.description":"Ścieżka do Black; możesz użyć niestandardowej wersji Black, modyfikując to ustawienie, aby uwzględnić pełną ścieżkę.","python.formatting.provider.description":"Dostawca formatowania. Możliwe opcje to „autopep8”, „black” i „yapf”.","python.formatting.yapfArgs.description":"Przekazano argumenty. Każdy argument jest osobnym elementem w tablicy.","python.formatting.yapfPath.description":"Ścieżka do yapf; możesz użyć niestandardowej wersji yapf, modyfikując to ustawienie, aby uwzględnić pełną ścieżkę.","python.globalModuleInstallation.description":"Określa, czy globalnie instalować moduły języka Python, gdy środowisko nie jest używane.","python.languageServer.description":"Definiuje typ serwera języka.","python.languageServer.defaultDescription":"Automatycznie wybierz serwer języka Pylance, jeśli jest zainstalowany i dostępny, w przeciwnym razie przełącz się do Jedi.","python.languageServer.jediDescription":"Użyj Jedi za protokołem Language Server Protocol (LSP) jako serwer języka.","python.languageServer.pylanceDescription":"Użyj Pylance jako serwera języka.","python.languageServer.noneDescription":"Wyłącz możliwości serwera języka.","python.linting.banditArgs.description":"Przekazano argumenty. Każdy argument jest osobnym elementem w tablicy.","python.linting.banditEnabled.description":"Określa, czy wykonać operację lint w przypadku plików języka Python przy użyciu bandyty.","python.linting.banditPath.description":"Ścieżka do bandyty; możesz użyć niestandardowej wersji bandyty, modyfikując to ustawienie, aby uwzględnić pełną ścieżkę.","python.linting.cwd.description":"Opcjonalny katalog roboczy dla linterów.","python.linting.enabled.description":"Określa, czy wykonać operację lint w przypadku plików języka Python.","python.linting.flake8Args.description":"Przekazano argumenty. Każdy argument jest osobnym elementem w tablicy.","python.linting.flake8CategorySeverity.E.description":"Ważność komunikatu Flake8 typu „E”.","python.linting.flake8CategorySeverity.F.description":"Ważność komunikatu Flake8 typu „F”.","python.linting.flake8CategorySeverity.W.description":"Ważność komunikatu Flake8 typu „W”.","python.linting.flake8Enabled.description":"Określa, czy wykonać operację lint w przypadku plików języka Python przy użyciu flake8.","python.linting.flake8Path.description":"Ścieżka do flake8; możesz użyć niestandardowej wersji flake8, modyfikując to ustawienie, aby uwzględnić pełną ścieżkę.","python.linting.ignorePatterns.description":"Wzorce używane do wykluczania plików lub folderów z wykonywania operacji lint.","python.interpreter.infoVisibility.description":"Określa, kiedy wyświetlać informacje o wybranym interpreterze na pasku stanu.","python.interpreter.infoVisibility.never.description":"Nigdy nie wyświetlaj informacji.","python.interpreter.infoVisibility.onPythonRelated.description":"Wyświetlaj informacje tylko wtedy, gdy są otwarte pliki związane z językiem Python.","python.interpreter.infoVisibility.always.description":"Zawsze wyświetlaj informacje.","python.linting.lintOnSave.description":"Określa, czy wykonać operację lint w przypadku plików języka Python podczas ich zapisywania.","python.linting.maxNumberOfProblems.description":"Kontroluje maksymalną liczbę problemów generowanych przez serwer.","python.linting.mypyArgs.description":"Przekazano argumenty. Każdy argument jest osobnym elementem w tablicy.","python.linting.mypyCategorySeverity.error.description":"Ważność komunikatu Mypy typu \"Error\".","python.linting.mypyCategorySeverity.note.description":"Ważność komunikatu Mypy typu \"Note\".","python.linting.mypyEnabled.description":"Określa, czy wykonać operację lint w przypadku plików języka Python przy użyciu mypy.","python.linting.mypyPath.description":"Ścieżka do mypy; możesz użyć niestandardowej wersji mypy, modyfikując to ustawienie, aby uwzględnić pełną ścieżkę.","python.linting.prospectorArgs.description":"Przekazano argumenty. Każdy argument jest osobnym elementem w tablicy.","python.linting.prospectorEnabled.description":"Określa, czy wykonać operację lint w przypadku plików języka Python przy użyciu narzędzia do analizy kodu języka Python.","python.linting.prospectorPath.description":"Ścieżka do narzędzia do analizy kodu języka Python; możesz użyć niestandardowej wersji narzędzia do analizy kodu języka Python, modyfikując to ustawienie, aby uwzględnić pełną ścieżkę.","python.linting.pycodestyleArgs.description":"Przekazano argumenty. Każdy argument jest osobnym elementem w tablicy.","python.linting.pycodestyleCategorySeverity.E.description":"Ważność komunikatu pycodestyle typu „E”.","python.linting.pycodestyleCategorySeverity.W.description":"Ważność komunikatu pycodestyle typu „W”.","python.linting.pycodestyleEnabled.description":"Określa, czy wykonać operację lint w przypadku plików języka Python przy użyciu pycodestyle.","python.linting.pycodestylePath.description":"Ścieżka do pycodestyle; możesz użyć niestandardowej wersji pycodestyle, modyfikując to ustawienie, aby uwzględnić pełną ścieżkę.","python.linting.pydocstyleArgs.description":"Przekazano argumenty. Każdy argument jest osobnym elementem w tablicy.","python.linting.pydocstyleEnabled.description":"Określa, czy wykonać operację lint w przypadku plików języka Python przy użyciu pydocstyle.","python.linting.pydocstylePath.description":"Ścieżka do pydocstyle; możesz użyć niestandardowej wersji pydocstyle, modyfikując to ustawienie, aby uwzględnić pełną ścieżkę.","python.linting.pylamaArgs.description":"Przekazano argumenty. Każdy argument jest osobnym elementem w tablicy.","python.linting.pylamaEnabled.description":"Określa, czy wykonać operację lint w przypadku plików języka Python przy użyciu pylama.","python.linting.pylamaPath.description":"Ścieżka do pylama; możesz użyć niestandardowej wersji pylama, modyfikując to ustawienie, aby uwzględnić pełną ścieżkę.","python.linting.pylintArgs.description":"Przekazano argumenty. Każdy argument jest osobnym elementem w tablicy.","python.linting.pylintCategorySeverity.convention.description":"Ważność komunikatu Pylint typu „Convention/C”.","python.linting.pylintCategorySeverity.error.description":"Ważność komunikatu Pylint typu „Error/E”.","python.linting.pylintCategorySeverity.fatal.description":"Ważność komunikatu Pylint typu „Error/F”.","python.linting.pylintCategorySeverity.refactor.description":"Ważność komunikatu Pylint typu „Refactor/R”.","python.linting.pylintCategorySeverity.warning.description":"Ważność komunikatu Pylint typu „Warning/W”.","python.linting.pylintEnabled.description":"Określa, czy wykonać operację lint w przypadku plików języka Python przy użyciu pylint.","python.linting.pylintPath.description":"Ścieżka do Pylint; możesz użyć niestandardowej wersji Pylint, modyfikując to ustawienie, aby uwzględnić pełną ścieżkę.","python.logging.level.description":"Poziom rejestrowania, na którym jest rejestrowane rozszerzenie; wartość domyślna to „error”","python.pipenvPath.description":"Ścieżka do pliku wykonywalnego pipenv do użycia na potrzeby aktywacji.","python.poetryPath.description":"Ścieżka do pliku wykonywalnego modułu poetry.","python.sortImports.args.description":"Przekazano argumenty. Każdy argument jest osobnym elementem w tablicy.","python.sortImports.path.description":"Ścieżka do skryptu isort, domyślnie używana wersja wewnętrzna","python.tensorBoard.logDirectory.description":"Ustaw to ustawienie na preferowany katalog dziennika TensorBoard, aby pominąć monit katalogu dziennika podczas uruchamiania pakietu TensorBoard.","python.terminal.activateEnvInCurrentTerminal.description":"Aktywuj środowisko języka Python w bieżącym terminalu podczas ładowania rozszerzenia.","python.terminal.activateEnvironment.description":"Aktywuj środowisko języka Python w terminalu utworzonym przy użyciu rozszerzenia.","python.terminal.executeInFileDir.description":"Podczas wykonywania pliku w terminalu określa, czy użyć polecenia execute w katalogu pliku, a nie w bieżącym otwartym folderze.","python.terminal.focusAfterLaunch.description":"Podczas uruchamiania terminalu języka Python określa, czy należy umieścić kursor na terminalu.","python.terminal.launchArgs.description":"Argumenty uruchamiania języka Python do użycia podczas wykonywania pliku w terminalu.","python.testing.autoTestDiscoverOnSaveEnabled.description":"Włącz odnajdywanie testów automatycznego uruchamiania podczas zapisywania pliku testowego.","python.testing.cwd.description":"Opcjonalny katalog roboczy dla testów.","python.testing.debugPort.description":"Numer portu używany do debugowania testów.","python.testing.promptToConfigure.description":"Monituj o skonfigurowanie struktury testowej w przypadku odnalezienia potencjalnych katalogów testów.","python.testing.pytestArgs.description":"Przekazano argumenty. Każdy argument jest osobnym elementem w tablicy.","python.testing.pytestEnabled.description":"Włącz testowanie przy użyciu pytest.","python.testing.pytestPath.description":"Ścieżka do pytest (pytest); możesz użyć niestandardowej wersji pytest, modyfikując to ustawienie, aby uwzględnić pełną ścieżkę.","python.testing.unittestArgs.description":"Przekazano argumenty. Każdy argument jest osobnym elementem w tablicy.","python.testing.unittestEnabled.description":"Włącz testowanie przy użyciu unittest.","python.venvFolders.description":"Foldery w katalogu głównym do wyszukiwania środowisk wirtualnych (domyślnie obsługuje pyenv, direnv i virtualenvwrapper).","python.venvPath.description":"Ścieżka do folderu z listą środowisk wirtualnych (np. ~/.pyenv, ~/Envs, ~/.virtualenvs).","python.sortImports.args.deprecationMessage":"To ustawienie zostanie wkrótce usunięte. Zamiast tego użyj elementu „isort.args”.","python.sortImports.path.deprecationMessage":"To ustawienie zostanie wkrótce usunięte. Zamiast tego użyj elementu „isort.path”."}
